[DATE],[COMPANY],[INDUSTRY],[POSITION]
"January 1st, 2025",Apple,consumer technology,Associate Accountant
"January 1st, 2025",Crunchyroll ,anime streaming,Recruiter
"January 1st, 2025",Twitter,social media,Marketing Specialist
"January 1st, 2025",AT&T,telecomunications,Engineer
"January 1st, 2025",Nike,athletic apparel and footwear,Associate Data Scientist
"January 1st, 2025",Providence,healthcare,Data Analyst 1
"January 1st, 2025",Open Dental,dental management software,Software Engineer I
"January 1st, 2025",Columbia,sportswear,Retail Team Member
"January 1st, 2025",Digital Envoy,IP Intelligence,Data Engineer
"January 1st, 2025",TechData,IT distribution,Python Developer
"January 1st, 2025",HVACIntel,IoT HVAC data solutions,Software Engineer
"January 1st, 2025",GalaxE,professional automation IT services,Python Developer
"January 1st, 2025",Cleo,IT consulting,Data Engineer
"January 1st, 2025",Tanduo,software consulting,Entry Level Software Developer
"January 1st, 2025",Common Paper,digital commercial contracts,Software Engineer
"January 1st, 2025",CCS Global Tech,custom technology solutions,Entry Level Business Analyst
"January 1st, 2025",Genomic Life,genomic solutions platform,Junior DevOps Engineer
"January 1st, 2025",Broadway.com,online event ticketing,Software Engineer
"January 1st, 2025",Red Hat,enterprise open source technology,Software Engineer
"January 1st, 2025",Edmunds,automotive inventory and reviews,Associate Software Engineer
"January 1st, 2025",McAfee,cybersecurity solutions,Software Development Engineer
"January 1st, 2025",Merkle,digital marketing,Front End Web Developer
"January 1st, 2025",A-VIBE,web solutions,Web Developer
"January 1st, 2025",Currie & Brown,physical asset management,Junior Front End Developer
"January 1st, 2025",Opas,package forwarding,Junior Frontend Developer
"January 1st, 2025",HP,inkjet printing,Entry Level Full Stack Software Engineer
"January 1st, 2025",Dealer Spike,dealership digital marketing,Front-End Developer
"January 1st, 2025",Porter Designs,wholesale furniture,Website and Database Coordinator
"January 1st, 2025",Deloitte,professional services,Salesforce Developer
"January 1st, 2025",Yamhill County,public sector,Programmer-Analyst
"January 1st, 2025",Twenty Four 7,design services,Full Stack Developer
"January 1st, 2025",APCON,network technology solutions,Software Engineer I
"January 1st, 2025",Nike,athletic apparel and footwear,Associate Data Scientist
"January 1st, 2025",Rexel,electrical distribution,Full Stack Developer
"January 1st, 2025",Frontdoor,home services,Marketing Data Analyst
"January 1st, 2025",NEEA,efficient energy,Data Analyst
"January 1st, 2025",PLACE,real estate technology,Junior Frontend Engineer
"January 1st, 2025",A-VIBE,web design services,QA Analyst
"January 1st, 2025",Synopsys,semiconductor,MATLAB / Python Software Engineer
"January 1st, 2025",Recruiter,,Python API Developer
"January 1st, 2025",McAfee,cybersecurity solutions,Software Development Engineer
"January 1st, 2025",Oregon Truss Company,truss manufacturing,Software Developer
"January 1st, 2025",Hawk Ridge Systems,3D design and manufacturing solutions,Data Analyst
"January 1st, 2025",NWEA,educational assessment solutions,Associate DevOps Engineer
"January 1st, 2025",The Dyrt,campground community ,Web Scraping Data Engineer
"January 1st, 2025",Novogradac,professional services,Python Developer
"January 1st, 2025",Infoblox,networking and cybersecurity services,Software Engineer
"January 1st, 2025",RedRoute,customer service AI voice,Python Backend Engineer
"January 1st, 2025",Parallel Markets,investor identity,Junior Software Engineer
"January 1st, 2025",Mic Check,music discovery,Junior Frontend Developer
"January 1st, 2025",Webveloper,small business site,Junior Frontend Developer
"January 1st, 2025",Authentise,additive manufacturing automation,Junior Backend Developer
"January 1st, 2025",GoTab,restaurant commerce,Junior Software Developer
"January 1st, 2025",FINSYNC,small business financial management,Junior Full Stack Engineer
"January 1st, 2025",Banyan Water,enterprise water management,Junior Software Engineer
"January 1st, 2025",CreativeX,Creative analytics,Software Engineer
"January 1st, 2025",Advertising Solutions,advertising services,Junior Programmer
"January 1st, 2025",Apex Fintech,financial technology,Front-End Engineer
"January 1st, 2025",Higher Logic,online community engagement,Junior Application Engineer
"January 1st, 2025",AltSource,technology services,Junior Product Manager
"January 1st, 2025",Eventeny,event operations,Software Development Engineer
"January 1st, 2025",Vertical Knowledge,data and process automation,Python Developer
"January 1st, 2025",BeaconFire,technology and professional services,Entry-Level Software Engineer
"January 1st, 2025",National Field Representatives,inspection and preservation services,Software Developer
"January 1st, 2025",Baker Hughes,oilfield technology,Software Engineer
"January 1st, 2025",Experian,digital information services,Junior Python Developer
"January 1st, 2025",Lookout,data security and privacy,Entry-Level Software Engineer
